learningRate,hiddenLayerSize1,hiddenLayerSize2,max_iterations,check_increment,iterationsToTrain,networkLoss,hit_rate,null_model
0.0001,,,334200,3342,50130,0.5414648138290041,,0.9994015559545141
0.001,,,334200,3342,20052,0.49486568269157755,,0.9994015559545141
0.01,,,334200,3342,6684,0.49550885195834254,,0.9994015559545141
0.1,,,334200,3342,6684,0.9208944020948253,,0.9994015559545141
