learningRate,hiddenLayerSize1,hiddenLayerSize2,max_iterations,check_increment,iterationsToTrain,networkLoss,hit_rate,null_model
0.0001,,,334200,3342,50130,0.5626560700781819,,0.9994015559545119
0.001,,,334200,3342,16710,0.5166637115487606,,0.9994015559545119
0.01,,,334200,3342,6684,0.5753100500547912,,0.9994015559545119
0.1,,,334200,3342,10026,0.8803059654823625,,0.9994015559545119
