learningRate,hiddenLayerSize1,hiddenLayerSize2,max_iterations,check_increment,iterationsToTrain,networkLoss,hit_rate,null_model
0.0001,,,334200,3342,50130,0.5474913326389993,,0.9994015559545316
0.001,,,334200,3342,16710,0.5231963174729651,,0.9994015559545316
0.01,,,334200,3342,6684,0.5396490475462321,,0.9994015559545316
0.1,,,334200,3342,6684,1.5753450966728642,,0.9994015559545316
