learningRate,hiddenLayerSize1,hiddenLayerSize2,max_iterations,check_increment,iterationsToTrain,networkLoss,hit_rate,null_model
0.0001,,,334200,3342,50130,0.5589004042838778,,0.9994015559545286
0.001,,,334200,3342,20052,0.5495403154843095,,0.9994015559545286
0.01,,,334200,3342,10026,0.587767822325057,,0.9994015559545286
0.1,,,334200,3342,6684,3.0668379645017634,,0.9994015559545286
