learningRate,hiddenLayerSize1,hiddenLayerSize2,max_iterations,check_increment,iterationsToTrain,networkLoss,hit_rate,null_model
0.0001,,,334200,3342,53472,0.5385372019112855,,0.9994015559545029
0.001,,,334200,3342,20052,0.4964241231191235,,0.9994015559545029
0.01,,,334200,3342,6684,0.4876183875693401,,0.9994015559545029
0.1,,,334200,3342,13368,1.5006173344360212,,0.9994015559545029
