learningRate,hiddenLayerSize1,hiddenLayerSize2,max_iterations,check_increment,iterationsToTrain,networkLoss,hit_rate,null_model
0.0001,,,334200,3342,46788,0.5467811918640035,,0.9994015559545265
0.001,,,334200,3342,23394,0.48604237799393357,,0.9994015559545265
0.01,,,334200,3342,6684,0.5432169671293436,,0.9994015559545265
0.1,,,334200,3342,6684,0.8715710466025045,,0.9994015559545265
