learningRate,hiddenLayerSize1,hiddenLayerSize2,max_iterations,check_increment,iterationsToTrain,networkLoss,hit_rate,null_model
0.0001,,,334200,3342,53472,0.5323555957091511,,0.9994015559545226
0.001,,,334200,3342,20052,0.492675127627233,,0.9994015559545226
0.01,,,334200,3342,6684,0.46665928720592725,,0.9994015559545226
0.1,,,334200,3342,10026,0.8442383098875377,,0.9994015559545226
