learningRate,hiddenLayerSize1,hiddenLayerSize2,max_iterations,check_increment,iterationsToTrain,networkLoss,hit_rate,null_model
0.0001,,,334200,3342,43446,0.548353434892716,,0.9994015559545231
0.001,,,334200,3342,16710,0.48928167228357944,,0.9994015559545231
0.01,,,334200,3342,13368,0.5165782113659839,,0.9994015559545231
0.1,,,334200,3342,10026,2.1213449059057967,,0.9994015559545231
