learningRate,hiddenLayerSize1,hiddenLayerSize2,max_iterations,check_increment,iterationsToTrain,networkLoss,hit_rate,null_model
0.0001,,,334200,3342,53472,0.547201421321911,,0.999401555954509
0.001,,,334200,3342,16710,0.5142292800442674,,0.999401555954509
0.01,,,334200,3342,6684,0.5964987222871402,,0.999401555954509
0.1,,,334200,3342,10026,1.4956675139969884,,0.999401555954509
