learningRate,hiddenLayerSize1,hiddenLayerSize2,max_iterations,check_increment,iterationsToTrain,networkLoss,hit_rate,null_model
0.0001,,,334200,3342,53472,0.5377270001755924,,0.9994015559545235
0.001,,,334200,3342,16710,0.5070134494691256,,0.9994015559545235
0.01,,,334200,3342,10026,0.5714953093642714,,0.9994015559545235
0.1,,,334200,3342,6684,1.3735020390273476,,0.9994015559545235
