learningRate,hiddenLayerSize1,hiddenLayerSize2,max_iterations,check_increment,iterationsToTrain,networkLoss,hit_rate,null_model
0.0001,,,55800,558,7812,-227.33951074523333,0.9715302491103203,0.6548042704626335
0.001,,,55800,558,3348,-254.83684991752222,0.9750889679715302,0.6548042704626335
0.01,,,55800,558,1674,-263.0771565228543,0.9644128113879004,0.6548042704626335
0.1,,,55800,558,1116,-264.2675134366424,0.9572953736654805,0.6548042704626335
