learningRate,hiddenLayerSize1,hiddenLayerSize2,max_iterations,check_increment,iterationsToTrain,networkLoss,hit_rate,null_model
0.0001,,,56200,562,7868,-226.776558912416,0.9713261648745519,0.6559139784946236
0.001,,,56200,562,3372,-254.37169000003016,0.9713261648745519,0.6559139784946236
0.01,,,56200,562,1686,-263.81559689004666,0.96415770609319,0.6559139784946236
0.1,,,56200,562,1124,-266.58249666687294,0.967741935483871,0.6559139784946236
