learningRate,hiddenLayerSize1,hiddenLayerSize2,max_iterations,check_increment,iterationsToTrain,networkLoss,hit_rate,null_model
0.0001,,,55800,558,7812,-227.38269625456675,0.9822064056939501,0.6548042704626335
0.001,,,55800,558,3348,-255.62237347594484,0.9857651245551602,0.6548042704626335
0.01,,,55800,558,1674,-264.0893304517314,0.9750889679715302,0.6548042704626335
0.1,,,55800,558,1674,-267.4388518138996,0.9715302491103203,0.6548042704626335
