learningRate,hiddenLayerSize1,hiddenLayerSize2,max_iterations,check_increment,iterationsToTrain,networkLoss,hit_rate,null_model
0.0001,,,56200,562,7868,-226.31305466835786,0.9605734767025089,0.6559139784946236
0.001,,,56200,562,3372,-253.41231188106076,0.9605734767025089,0.6559139784946236
0.01,,,56200,562,1686,-262.5243776388436,0.9605734767025089,0.6559139784946236
0.1,,,56200,562,1124,-264.6794573290063,0.956989247311828,0.6559139784946236
