learningRate,hiddenLayerSize1,hiddenLayerSize2,max_iterations,check_increment,iterationsToTrain,networkLoss,hit_rate,null_model
0.0001,,,55800,558,7812,-227.35426665846478,0.9822064056939501,0.6548042704626335
0.001,,,55800,558,3348,-256.1748931344491,0.9822064056939501,0.6548042704626335
0.01,,,55800,558,1674,-265.023984296413,0.9750889679715302,0.6548042704626335
0.1,,,55800,558,1116,-268.79902504753034,0.9750889679715302,0.6548042704626335
