learningRate,hiddenLayerSize1,hiddenLayerSize2,max_iterations,check_increment,iterationsToTrain,networkLoss,hit_rate,null_model
0.0001,,,56200,562,7868,-225.1224249458044,0.9498207885304659,0.6559139784946236
0.001,,,56200,562,3372,-252.26927656789985,0.9498207885304659,0.6559139784946236
0.01,,,56200,562,1686,-261.435212128779,0.946236559139785,0.6559139784946236
0.1,,,56200,562,1124,-263.6214786126962,0.9498207885304659,0.6559139784946236
