learningRate,hiddenLayerSize1,hiddenLayerSize2,max_iterations,check_increment,iterationsToTrain,networkLoss,hit_rate,null_model
0.0001,,,55800,558,7812,-226.5334615561497,0.9608540925266904,0.6548042704626335
0.001,,,55800,558,3348,-254.12224714606938,0.9644128113879004,0.6548042704626335
0.01,,,55800,558,1674,-263.56516253286463,0.9644128113879004,0.6548042704626335
0.1,,,55800,558,1116,-263.0208254567653,0.9679715302491103,0.6548042704626335
