learningRate,hiddenLayerSize1,hiddenLayerSize2,max_iterations,check_increment,iterationsToTrain,networkLoss,hit_rate,null_model
0.0001,,,55800,558,7812,-228.03770877154065,0.9679715302491103,0.6548042704626335
0.001,,,55800,558,3348,-256.1973145218546,0.9679715302491103,0.6548042704626335
0.01,,,55800,558,1674,-265.3959343113628,0.9644128113879004,0.6548042704626335
0.1,,,55800,558,1116,-267.39802338661104,0.9608540925266904,0.6548042704626335
