learningRate,hiddenLayerSize1,hiddenLayerSize2,max_iterations,check_increment,iterationsToTrain,networkLoss,hit_rate,null_model
0.0001,,,56200,562,7868,-225.27426315979486,0.9498207885304659,0.6559139784946236
0.001,,,56200,562,3372,-251.68689999322,0.9498207885304659,0.6559139784946236
0.01,,,56200,562,1686,-260.4827326986546,0.953405017921147,0.6559139784946236
0.1,,,56200,562,1124,-263.6397347635245,0.953405017921147,0.6559139784946236
