learningRate,hiddenLayerSize1,hiddenLayerSize2,max_iterations,check_increment,iterationsToTrain,networkLoss,hit_rate,null_model
0.0001,,,56200,562,7868,-224.93592681553937,0.96415770609319,0.6559139784946236
0.001,,,56200,562,3372,-252.1742348535217,0.967741935483871,0.6559139784946236
0.01,,,56200,562,1686,-260.90742050680313,0.9605734767025089,0.6559139784946236
0.1,,,56200,562,1686,-261.9734490852313,0.953405017921147,0.6559139784946236
