learningRate,hiddenLayerSize1,hiddenLayerSize2,max_iterations,check_increment,iterationsToTrain,networkLoss,hit_rate,null_model
0.0001,,,138400,1384,27680,-349.4335642245357,0.6994219653179191,0.6994219653179191
0.001,,,138400,1384,15224,-430.2640604893464,0.7369942196531792,0.6994219653179191
0.01,,,138400,1384,12456,-514.1092834076402,0.8251445086705202,0.6994219653179191
0.1,,,138400,1384,8304,-567.0829996252985,0.8728323699421965,0.6994219653179191
