learningRate,hiddenLayerSize1,hiddenLayerSize2,max_iterations,check_increment,iterationsToTrain,networkLoss,hit_rate,null_model
0.0001,,,138400,1384,27680,-350.2390553746487,0.6994219653179191,0.6994219653179191
0.001,,,138400,1384,15224,-432.7906455284364,0.7427745664739884,0.6994219653179191
0.01,,,138400,1384,11072,-512.2846243141875,0.8511560693641619,0.6994219653179191
0.1,,,138400,1384,5536,-558.540531589551,0.8858381502890174,0.6994219653179191
