learningRate,hiddenLayerSize1,hiddenLayerSize2,max_iterations,check_increment,iterationsToTrain,networkLoss,hit_rate,null_model
0.0001,,,138400,1384,27680,-348.33827181890723,0.6994219653179191,0.6994219653179191
0.001,,,138400,1384,15224,-427.9377633081979,0.7572254335260116,0.6994219653179191
0.01,,,138400,1384,8304,-492.63405628731255,0.8106936416184971,0.6994219653179191
0.1,,,138400,1384,4152,-540.4967234475943,0.8164739884393064,0.6994219653179191
