learningRate,hiddenLayerSize1,hiddenLayerSize2,max_iterations,check_increment,iterationsToTrain,networkLoss,hit_rate,null_model
0.0001,,,138400,1384,27680,-350.5064140066875,0.6994219653179191,0.6994219653179191
0.001,,,138400,1384,15224,-431.46029046665257,0.7514450867052023,0.6994219653179191
0.01,,,138400,1384,12456,-510.4664411997495,0.8352601156069365,0.6994219653179191
0.1,,,138400,1384,6920,-548.3413971749262,0.8569364161849711,0.6994219653179191
