learningRate,hiddenLayerSize1,hiddenLayerSize2,max_iterations,check_increment,iterationsToTrain,networkLoss,hit_rate,null_model
0.0001,,,138400,1384,27680,-348.21695766324314,0.6994219653179191,0.6994219653179191
0.001,,,138400,1384,15224,-431.1961423998463,0.75,0.6994219653179191
0.01,,,138400,1384,11072,-516.1986695618252,0.8497109826589595,0.6994219653179191
0.1,,,138400,1384,6920,-566.5959966904585,0.8815028901734104,0.6994219653179191
