learningRate,hiddenLayerSize1,hiddenLayerSize2,max_iterations,check_increment,iterationsToTrain,networkLoss,hit_rate,null_model
0.0001,,,138400,1384,27680,-350.4759398942614,0.6994219653179191,0.6994219653179191
0.001,,,138400,1384,15224,-433.3095472678017,0.7427745664739884,0.6994219653179191
0.01,,,138400,1384,11072,-513.9819230483747,0.8323699421965318,0.6994219653179191
0.1,,,138400,1384,6920,-565.279137013044,0.8872832369942196,0.6994219653179191
