learningRate,hiddenLayerSize1,hiddenLayerSize2,max_iterations,check_increment,iterationsToTrain,networkLoss,hit_rate,null_model
0.0001,,,138400,1384,27680,-348.1974193670957,0.6994219653179191,0.6994219653179191
0.001,,,138400,1384,15224,-428.1153135363025,0.7456647398843931,0.6994219653179191
0.01,,,138400,1384,11072,-506.0328900942163,0.8367052023121387,0.6994219653179191
0.1,,,138400,1384,6920,-559.9483886397937,0.861271676300578,0.6994219653179191
