learningRate,hiddenLayerSize1,hiddenLayerSize2,max_iterations,check_increment,iterationsToTrain,networkLoss,hit_rate,null_model
0.0001,,,138400,1384,27680,-349.6362167524028,0.6994219653179191,0.6994219653179191
0.001,,,138400,1384,15224,-433.96716036284926,0.7442196531791907,0.6994219653179191
0.01,,,138400,1384,11072,-516.424197549146,0.838150289017341,0.6994219653179191
0.1,,,138400,1384,6920,-564.4832462400587,0.9002890173410405,0.6994219653179191
