learningRate,hiddenLayerSize1,hiddenLayerSize2,max_iterations,check_increment,iterationsToTrain,networkLoss,hit_rate,null_model
0.0001,,,138400,1384,27680,-349.59059144914835,0.6994219653179191,0.6994219653179191
0.001,,,138400,1384,16608,-433.24215117178505,0.7615606936416185,0.6994219653179191
0.01,,,138400,1384,9688,-501.0459687027321,0.8222543352601156,0.6994219653179191
0.1,,,138400,1384,6920,-557.0785018751457,0.8713872832369942,0.6994219653179191
