learningRate,hiddenLayerSize1,hiddenLayerSize2,max_iterations,check_increment,iterationsToTrain,networkLoss,hit_rate,null_model
0.0001,,,138400,1384,27680,-349.21975155035904,0.6994219653179191,0.6994219653179191
0.001,,,138400,1384,15224,-432.40323171192284,0.7673410404624278,0.6994219653179191
0.01,,,138400,1384,11072,-510.9902333851967,0.8424855491329479,0.6994219653179191
0.1,,,138400,1384,6920,-560.8490141555507,0.884393063583815,0.6994219653179191
