learningRate,hiddenLayerSize1,hiddenLayerSize2,max_iterations,check_increment,iterationsToTrain,networkLoss,hit_rate,null_model
0.0001,,,41200,412,7416,2.0892681117835394,,1.9751822546210835
0.001,,,41200,412,2060,1.978942644234162,,1.9751822546210835
0.01,,,41200,412,824,1.9771873032764453,,1.9751822546210835
0.1,,,41200,412,824,3802725880.937059,,1.9751822546210835
