learningRate,hiddenLayerSize1,hiddenLayerSize2,max_iterations,check_increment,iterationsToTrain,networkLoss,hit_rate,null_model
0.0001,,,41400,414,7452,2.0806545411000985,,1.9054363289327338
0.001,,,41400,414,2070,1.9754820087583698,,1.9054363289327338
0.01,,,41400,414,828,2.0837941565116482,,1.9054363289327338
0.1,,,41400,414,828,59989869359897.09,,1.9054363289327338
