learningRate,hiddenLayerSize1,hiddenLayerSize2,max_iterations,check_increment,iterationsToTrain,networkLoss,hit_rate,null_model
0.0001,,,41400,414,7866,2.0706125507056092,,1.9006531597300287
0.001,,,41400,414,2484,1.8992865859756591,,1.9006531597300287
0.01,,,41400,414,1242,1.9943552922137233,,1.9006531597300287
0.1,,,41400,414,828,38315510595962.49,,1.9006531597300287
