learningRate,hiddenLayerSize1,hiddenLayerSize2,max_iterations,check_increment,iterationsToTrain,networkLoss,hit_rate,null_model
0.0001,,,41400,414,7452,1.5645932540906635,,1.4824749912195634
0.001,,,41400,414,2070,1.6423548555289986,,1.4824749912195634
0.01,,,41400,414,828,1.9216247424453965,,1.4824749912195634
0.1,,,41400,414,828,14611224163.88713,,1.4824749912195634
