learningRate,hiddenLayerSize1,hiddenLayerSize2,max_iterations,check_increment,iterationsToTrain,networkLoss,hit_rate,null_model
0.0001,,,41200,412,7004,2.6009393435368198,,2.1624442356764617
0.001,,,41200,412,2060,2.3594503095831905,,2.1624442356764617
0.01,,,41200,412,824,2.44116192942982,,2.1624442356764617
0.1,,,41200,412,824,9981463397.830761,,2.1624442356764617
