learningRate,hiddenLayerSize1,hiddenLayerSize2,max_iterations,check_increment,iterationsToTrain,networkLoss,hit_rate,null_model
0.0001,,,41200,412,6592,1.9221116586329006,,1.7850903976680736
0.001,,,41200,412,1648,1.8656096980829775,,1.7850903976680736
0.01,,,41200,412,824,2.139893119084498,,1.7850903976680736
0.1,,,41200,412,824,48860313693.68072,,1.7850903976680736
