learningRate,hiddenLayerSize1,hiddenLayerSize2,max_iterations,check_increment,iterationsToTrain,networkLoss,hit_rate,null_model
0.0001,,,41200,412,824,,,1.7139059206403933
0.001,,,41200,412,824,,,1.7139059206403933
0.01,,,41200,412,824,,,1.7139059206403933
0.1,,,41200,412,824,,,1.7139059206403933
