learningRate,hiddenLayerSize1,hiddenLayerSize2,max_iterations,check_increment,iterationsToTrain,networkLoss,hit_rate,null_model
0.0001,,,41400,414,7452,1.8701454503470027,,1.7129011716024936
0.001,,,41400,414,2484,1.7424399868527278,,1.7129011716024936
0.01,,,41400,414,828,1.807553573183898,,1.7129011716024936
0.1,,,41400,414,828,1619873.9723631106,,1.7129011716024936
