learningRate,hiddenLayerSize1,hiddenLayerSize2,max_iterations,check_increment,iterationsToTrain,networkLoss,hit_rate,null_model
0.0001,,,41200,412,7416,1.9762588677618391,,1.7840998808196304
0.001,,,41200,412,2060,1.8685233686726164,,1.7840998808196304
0.01,,,41200,412,824,2.0474176678593583,,1.7840998808196304
0.1,,,41200,412,824,792153035.9691952,,1.7840998808196304
