learningRate,hiddenLayerSize1,hiddenLayerSize2,max_iterations,check_increment,iterationsToTrain,networkLoss,hit_rate,null_model
0.0001,,,34800,348,5568,-122.3873395646099,0.9085714285714286,0.6114285714285714
0.001,,,34800,348,2784,-145.83090569354758,0.92,0.6114285714285714
0.01,,,34800,348,1740,-158.69275697604337,0.9485714285714286,0.6114285714285714
0.1,,,34800,348,1044,-163.75930789005776,0.9485714285714286,0.6114285714285714
