learningRate,hiddenLayerSize1,hiddenLayerSize2,max_iterations,check_increment,iterationsToTrain,networkLoss,hit_rate,null_model
0.0001,,,34800,348,5568,-120.64087583089389,0.8457142857142858,0.6114285714285714
0.001,,,34800,348,2784,-141.8484081110993,0.8571428571428571,0.6114285714285714
0.01,,,34800,348,1392,-152.59875118434263,0.9085714285714286,0.6114285714285714
0.1,,,34800,348,1044,-161.58318256907526,0.9371428571428572,0.6114285714285714
