learningRate,hiddenLayerSize1,hiddenLayerSize2,max_iterations,check_increment,iterationsToTrain,networkLoss,hit_rate,null_model
0.0001,,,35000,350,5950,-122.10718515161717,0.8850574712643678,0.6149425287356322
0.001,,,35000,350,2800,-143.60659819720215,0.9195402298850575,0.6149425287356322
0.01,,,35000,350,1400,-153.54189771845435,0.9482758620689655,0.6149425287356322
0.1,,,35000,350,1050,-157.4362223177442,0.9080459770114943,0.6149425287356322
