learningRate,hiddenLayerSize1,hiddenLayerSize2,max_iterations,check_increment,iterationsToTrain,networkLoss,hit_rate,null_model
0.0001,,,34800,348,5568,-121.43785017691759,0.8857142857142857,0.6114285714285714
0.001,,,34800,348,2784,-144.50012082627234,0.9142857142857143,0.6114285714285714
0.01,,,34800,348,2088,-160.0437026245187,0.9485714285714286,0.6114285714285714
0.1,,,34800,348,696,-161.93145383328422,0.9542857142857143,0.6114285714285714
