learningRate,hiddenLayerSize1,hiddenLayerSize2,max_iterations,check_increment,iterationsToTrain,networkLoss,hit_rate,null_model
0.0001,,,35000,350,5600,-122.0240254413945,0.9310344827586207,0.6149425287356322
0.001,,,35000,350,3150,-148.2626177617327,0.9540229885057471,0.6149425287356322
0.01,,,35000,350,1400,-158.98423676309835,0.9655172413793104,0.6149425287356322
0.1,,,35000,350,1050,-164.41319600208408,0.9770114942528736,0.6149425287356322
