learningRate,hiddenLayerSize1,hiddenLayerSize2,max_iterations,check_increment,iterationsToTrain,networkLoss,hit_rate,null_model
0.0001,,,34800,348,5568,-121.90243663049135,0.8971428571428571,0.6114285714285714
0.001,,,34800,348,2784,-144.56642700774813,0.9142857142857143,0.6114285714285714
0.01,,,34800,348,1740,-157.69242236070593,0.9257142857142857,0.6114285714285714
0.1,,,34800,348,1044,-164.50247080365094,0.9371428571428572,0.6114285714285714
