learningRate,hiddenLayerSize1,hiddenLayerSize2,max_iterations,check_increment,iterationsToTrain,networkLoss,hit_rate,null_model
0.0001,,,35000,350,5950,-122.57252289753882,0.8908045977011494,0.6149425287356322
0.001,,,35000,350,3150,-145.9079218287026,0.9252873563218391,0.6149425287356322
0.01,,,35000,350,1750,-157.12319034278627,0.9310344827586207,0.6149425287356322
0.1,,,35000,350,1050,-162.30497249396583,0.9425287356321839,0.6149425287356322
