learningRate,hiddenLayerSize1,hiddenLayerSize2,max_iterations,check_increment,iterationsToTrain,networkLoss,hit_rate,null_model
0.0001,,,34800,348,5916,-123.03488867031025,0.8914285714285715,0.6114285714285714
0.001,,,34800,348,2784,-145.0240662299523,0.9028571428571428,0.6114285714285714
0.01,,,34800,348,1740,-157.65959545248063,0.9371428571428572,0.6114285714285714
0.1,,,34800,348,1044,-161.18518371368873,0.9428571428571428,0.6114285714285714
