learningRate,hiddenLayerSize1,hiddenLayerSize2,max_iterations,check_increment,iterationsToTrain,networkLoss,hit_rate,null_model
0.0001,,,35000,350,5600,-121.35830724735075,0.8793103448275862,0.6149425287356322
0.001,,,35000,350,2800,-143.77102484627736,0.8908045977011494,0.6149425287356322
0.01,,,35000,350,1750,-157.6889475157845,0.9540229885057471,0.6149425287356322
0.1,,,35000,350,1400,-165.810661349996,0.9712643678160919,0.6149425287356322
