learningRate,hiddenLayerSize1,hiddenLayerSize2,max_iterations,check_increment,iterationsToTrain,networkLoss,hit_rate,null_model
0.0001,,,35000,350,5600,-121.00920396757172,0.8850574712643678,0.6149425287356322
0.001,,,35000,350,2800,-143.4974187259329,0.9137931034482759,0.6149425287356322
0.01,,,35000,350,1750,-155.51942243666997,0.9367816091954023,0.6149425287356322
0.1,,,35000,350,700,-156.1349185215923,0.9310344827586207,0.6149425287356322
