learningRate,hiddenLayerSize1,hiddenLayerSize2,max_iterations,check_increment,iterationsToTrain,networkLoss,hit_rate,null_model
0.0001,,,16800,168,3192,6473.621407422358,,11297.928004535144
0.001,,,16800,168,504,7504.058021769069,,11297.928004535144
0.01,,,16800,168,336,13592.40692155957,,11297.928004535144
0.1,,,16800,168,504,309599.2710570155,,11297.928004535144
