learningRate,hiddenLayerSize1,hiddenLayerSize2,max_iterations,check_increment,iterationsToTrain,networkLoss,hit_rate,null_model
0.0001,,,16800,168,5208,8902.733686028752,,25748.685232426305
0.001,,,16800,168,1176,5442.166157464758,,25748.685232426305
0.01,,,16800,168,336,6289.309807285778,,25748.685232426305
0.1,,,16800,168,672,248469.94763288894,,25748.685232426305
