learningRate,hiddenLayerSize1,hiddenLayerSize2,max_iterations,check_increment,iterationsToTrain,networkLoss,hit_rate,null_model
0.0001,,,16800,168,4872,12162.226096593096,,27576.599064625843
0.001,,,16800,168,840,8868.4693204299,,27576.599064625843
0.01,,,16800,168,336,6120.596054118859,,27576.599064625843
0.1,,,16800,168,504,86629.22699621582,,27576.599064625843
