learningRate,hiddenLayerSize1,hiddenLayerSize2,max_iterations,check_increment,iterationsToTrain,networkLoss,hit_rate,null_model
0.0001,,,16800,168,3696,8597.911598214749,,19763.06292517008
0.001,,,16800,168,504,7421.183741317319,,19763.06292517008
0.01,,,16800,168,504,11341.074495554141,,19763.06292517008
0.1,,,16800,168,672,339943.46207634354,,19763.06292517008
