learningRate,hiddenLayerSize1,hiddenLayerSize2,max_iterations,check_increment,iterationsToTrain,networkLoss,hit_rate,null_model
0.0001,,,16800,168,9240,15038.526371783053,,38813.7596371882
0.001,,,16800,168,2016,11281.927573819583,,38813.7596371882
0.01,,,16800,168,336,10462.614306641863,,38813.7596371882
0.1,,,16800,168,336,1338189.78297934,,38813.7596371882
