learningRate,hiddenLayerSize1,hiddenLayerSize2,max_iterations,check_increment,iterationsToTrain,networkLoss,hit_rate,null_model
0.0001,,,16800,168,10584,23702.263038976347,,45784.14328231294
0.001,,,16800,168,2016,20909.87181440966,,45784.14328231294
0.01,,,16800,168,504,20547.421222227036,,45784.14328231294
0.1,,,16800,168,336,85443.33300575681,,45784.14328231294
