learningRate,hiddenLayerSize1,hiddenLayerSize2,max_iterations,check_increment,iterationsToTrain,networkLoss,hit_rate,null_model
0.0001,,,16800,168,3864,7212.957754840552,,18663.020833333332
0.001,,,16800,168,504,6507.70665698167,,18663.020833333332
0.01,,,16800,168,336,7708.529605352576,,18663.020833333332
0.1,,,16800,168,336,300128.1370985427,,18663.020833333332
