learningRate,hiddenLayerSize1,hiddenLayerSize2,max_iterations,check_increment,iterationsToTrain,networkLoss,hit_rate,null_model
0.0001,,,16800,168,5880,9483.035368410438,,30085.67800453514
0.001,,,16800,168,1176,6364.477811617591,,30085.67800453514
0.01,,,16800,168,336,6612.9653229845835,,30085.67800453514
0.1,,,16800,168,336,5401459272.491808,,30085.67800453514
