learningRate,hiddenLayerSize1,hiddenLayerSize2,max_iterations,check_increment,iterationsToTrain,networkLoss,hit_rate,null_model
0.0001,,,16800,168,6048,12999.732302879327,,32019.75680272112
0.001,,,16800,168,1344,9766.988759337628,,32019.75680272112
0.01,,,16800,168,336,11047.568212865957,,32019.75680272112
0.1,,,16800,168,672,12292.02986610532,,32019.75680272112
