learningRate,hiddenLayerSize1,hiddenLayerSize2,max_iterations,check_increment,iterationsToTrain,networkLoss,hit_rate,null_model
0.0001,,,16800,168,9576,12310.606862795361,,37952.34169501134
0.001,,,16800,168,1848,9469.812467575262,,37952.34169501134
0.01,,,16800,168,840,8814.606137158824,,37952.34169501134
0.1,,,16800,168,504,31564.037169522384,,37952.34169501134
