autoencoderLearningRate,autoencoderHiddenLayerSize,learningRate,hiddenLayerSize2,max_iterations,check_increment,iterationsToTrain,networkLoss,hit_rate,null_model
0.01,4,0.001,2,334200,3342,40104,0.9993946776164634,,0.9994015559545167
0.01,4,0.001,9,334200,3342,36762,0.9997292582893837,,0.9994015559545167
0.01,4,0.01,2,334200,3342,36762,0.9979733200532276,,0.9994015559545167
0.01,4,0.01,9,334200,3342,56814,0.46454330589835063,,0.9994015559545167
