autoencoderLearningRate,autoencoderHiddenLayerSize,learningRate,hiddenLayerSize2,max_iterations,check_increment,iterationsToTrain,networkLoss,hit_rate,null_model
0.01,4,0.001,2,334200,3342,50130,0.9994426981124637,,0.9994015559545172
0.01,4,0.001,9,334200,3342,43446,0.9996863277653587,,0.9994015559545172
0.01,4,0.01,2,334200,3342,40104,1.0052654549735585,,0.9994015559545172
0.01,4,0.01,9,334200,3342,46788,0.9978059134811015,,0.9994015559545172
