autoencoderLearningRate,autoencoderHiddenLayerSize,learningRate,hiddenLayerSize2,max_iterations,check_increment,iterationsToTrain,networkLoss,hit_rate,null_model
0.01,4,0.001,2,334200,3342,46788,0.9997984547136793,,0.9994015559545243
0.01,4,0.001,9,334200,3342,46788,0.9994934021249815,,0.9994015559545243
0.01,4,0.01,2,334200,3342,43446,0.9991355246328666,,0.9994015559545243
0.01,4,0.01,9,334200,3342,60156,0.4596675257629277,,0.9994015559545243
