autoencoderLearningRate,autoencoderHiddenLayerSize,learningRate,hiddenLayerSize2,max_iterations,check_increment,iterationsToTrain,networkLoss,hit_rate,null_model
0.01,4,0.001,2,334200,3342,33420,0.9996208892032494,,0.9994015559545173
0.01,4,0.001,9,334200,3342,36762,0.9994038126130622,,0.9994015559545173
0.01,4,0.01,2,334200,3342,43446,1.0329110358819877,,0.9994015559545173
0.01,4,0.01,9,334200,3342,63498,0.4491208721111977,,0.9994015559545173
