autoencoderLearningRate,autoencoderHiddenLayerSize,learningRate,hiddenLayerSize2,max_iterations,check_increment,iterationsToTrain,networkLoss,hit_rate,null_model
0.01,4,0.001,2,334200,3342,43446,0.9993958521982563,,0.9994015559545147
0.01,4,0.001,9,334200,3342,33420,1.000254958472358,,0.9994015559545147
0.01,4,0.01,2,334200,3342,66840,0.4420293909559216,,0.9994015559545147
0.01,4,0.01,9,334200,3342,36762,0.9924535925292176,,0.9994015559545147
