autoencoderLearningRate,autoencoderHiddenLayerSize,learningRate,hiddenLayerSize2,max_iterations,check_increment,iterationsToTrain,networkLoss,hit_rate,null_model
0.01,4,0.001,2,334200,3342,33420,0.9994837028987429,,0.9994015559545161
0.01,4,0.001,9,334200,3342,40104,0.9993538255563078,,0.9994015559545161
0.01,4,0.01,2,334200,3342,33420,1.010895954151925,,0.9994015559545161
0.01,4,0.01,9,334200,3342,40104,0.9984988887128744,,0.9994015559545161
