autoencoderLearningRate,autoencoderHiddenLayerSize,learningRate,hiddenLayerSize2,max_iterations,check_increment,iterationsToTrain,networkLoss,hit_rate,null_model
0.01,4,0.001,2,334200,3342,36762,0.9994096307940377,,0.9994015559545096
0.01,4,0.001,9,334200,3342,36762,1.000715544382963,,0.9994015559545096
0.01,4,0.01,2,334200,3342,40104,0.9970628989819097,,0.9994015559545096
0.01,4,0.01,9,334200,3342,46788,0.4596321301275096,,0.9994015559545096
