autoencoderLearningRate,autoencoderHiddenLayerSize,learningRate,hiddenLayerSize2,max_iterations,check_increment,iterationsToTrain,networkLoss,hit_rate,null_model
0.01,4,0.001,2,334200,3342,43446,0.9994874359381501,,0.9994015559545304
0.01,4,0.001,9,334200,3342,33420,1.0002041554951737,,0.9994015559545304
0.01,4,0.01,2,334200,3342,43446,1.0021591123630613,,0.9994015559545304
0.01,4,0.01,9,334200,3342,66840,0.4666246209010523,,0.9994015559545304
