autoencoderLearningRate,autoencoderHiddenLayerSize,learningRate,hiddenLayerSize2,max_iterations,check_increment,iterationsToTrain,networkLoss,hit_rate,null_model
0.01,4,0.001,2,334200,3342,36762,0.9994150589407859,,0.9994015559545095
0.01,4,0.001,9,334200,3342,43446,0.9998846680587847,,0.9994015559545095
0.01,4,0.01,2,334200,3342,40104,0.9966256058893928,,0.9994015559545095
0.01,4,0.01,9,334200,3342,53472,0.5362966245953134,,0.9994015559545095
