autoencoderLearningRate,autoencoderHiddenLayerSize,learningRate,hiddenLayerSize2,max_iterations,check_increment,iterationsToTrain,networkLoss,hit_rate,null_model
0.01,4,0.001,2,334200,3342,36762,1.0001822804210365,,0.9994015559545237
0.01,4,0.001,9,334200,3342,23394,0.9994138507388696,,0.9994015559545237
0.01,4,0.01,2,334200,3342,66840,0.4957438566600158,,0.9994015559545237
0.01,4,0.01,9,334200,3342,50130,0.47361337144222715,,0.9994015559545237
