autoencoderLearningRate,autoencoderHiddenLayerSize,learningRate,hiddenLayerSize2,max_iterations,check_increment,iterationsToTrain,networkLoss,hit_rate,null_model
0.1,4,0.1,4,55800,558,5580,-264.1970794639574,0.9572953736654805,0.6548042704626335
0.1,4,0.1,9,55800,558,5022,-263.50604502089647,0.9608540925266904,0.6548042704626335
