autoencoderLearningRate,autoencoderHiddenLayerSize,learningRate,hiddenLayerSize2,max_iterations,check_increment,iterationsToTrain,networkLoss,hit_rate,null_model
0.1,4,0.1,4,56200,562,5620,-263.9017039594521,0.967741935483871,0.6559139784946236
0.1,4,0.1,9,56200,562,4496,-263.37286191695574,0.9713261648745519,0.6559139784946236
