autoencoderLearningRate,autoencoderHiddenLayerSize,learningRate,hiddenLayerSize2,max_iterations,check_increment,iterationsToTrain,networkLoss,hit_rate,null_model
0.1,4,0.1,4,56200,562,4496,-262.0763240914376,0.9605734767025089,0.6559139784946236
0.1,4,0.1,9,56200,562,4496,-261.9725380571903,0.9605734767025089,0.6559139784946236
