autoencoderLearningRate,autoencoderHiddenLayerSize,learningRate,hiddenLayerSize2,max_iterations,check_increment,iterationsToTrain,networkLoss,hit_rate,null_model
0.1,4,0.1,4,56200,562,5620,-263.6233694178383,0.956989247311828,0.6559139784946236
0.1,4,0.1,9,56200,562,4496,-263.6559866147905,0.956989247311828,0.6559139784946236
