autoencoderLearningRate,autoencoderHiddenLayerSize,learningRate,hiddenLayerSize2,max_iterations,check_increment,iterationsToTrain,networkLoss,hit_rate,null_model
0.1,4,0.1,4,55800,558,5022,-263.53892454686564,0.9608540925266904,0.6548042704626335
0.1,4,0.1,9,55800,558,4464,-262.9069404009231,0.9537366548042705,0.6548042704626335
