autoencoderLearningRate,autoencoderHiddenLayerSize,learningRate,hiddenLayerSize2,max_iterations,check_increment,iterationsToTrain,networkLoss,hit_rate,null_model
0.1,4,0.1,4,56200,562,4496,-263.5116009365003,0.9605734767025089,0.6559139784946236
0.1,4,0.1,9,56200,562,4496,-261.2415021278853,0.953405017921147,0.6559139784946236
