autoencoderLearningRate,autoencoderHiddenLayerSize,learningRate,hiddenLayerSize2,max_iterations,check_increment,iterationsToTrain,networkLoss,hit_rate,null_model
0.1,4,0.1,4,55800,558,4464,-261.6500832352464,0.9644128113879004,0.6548042704626335
0.1,4,0.1,9,55800,558,6138,-268.8497559047989,0.9786476868327402,0.6548042704626335
