autoencoderLearningRate,autoencoderHiddenLayerSize,learningRate,hiddenLayerSize2,max_iterations,check_increment,iterationsToTrain,networkLoss,hit_rate,null_model
0.1,11,0.1,15,138400,1384,13840,-584.6597688843566,0.880057803468208,0.6994219653179191
0.1,11,0.1,30,138400,1384,15224,-574.8877785372676,0.8742774566473989,0.6994219653179191
