autoencoderLearningRate,autoencoderHiddenLayerSize,learningRate,hiddenLayerSize2,max_iterations,check_increment,iterationsToTrain,networkLoss,hit_rate,null_model
0.1,11,0.1,15,138400,1384,11072,-541.0970089629609,0.8395953757225434,0.6994219653179191
0.1,11,0.1,30,138400,1384,15224,-570.4822774637923,0.9002890173410405,0.6994219653179191
