autoencoderLearningRate,autoencoderHiddenLayerSize,learningRate,hiddenLayerSize2,max_iterations,check_increment,iterationsToTrain,networkLoss,hit_rate,null_model
0.1,11,0.1,15,138400,1384,16608,-579.7861585395962,0.8901734104046243,0.6994219653179191
0.1,11,0.1,30,138400,1384,11072,-554.8286863055886,0.8713872832369942,0.6994219653179191
