autoencoderLearningRate,autoencoderHiddenLayerSize,learningRate,hiddenLayerSize2,max_iterations,check_increment,iterationsToTrain,networkLoss,hit_rate,null_model
0.1,11,0.1,15,138400,1384,17992,-599.2609537161389,0.9089595375722543,0.6994219653179191
0.1,11,0.1,30,138400,1384,12456,-558.0773273936509,0.8439306358381503,0.6994219653179191
