autoencoderLearningRate,autoencoderHiddenLayerSize,learningRate,hiddenLayerSize2,max_iterations,check_increment,iterationsToTrain,networkLoss,hit_rate,null_model
0.1,11,0.1,15,138400,1384,12456,-580.6607982947435,0.861271676300578,0.6994219653179191
0.1,11,0.1,30,138400,1384,15224,-565.9296933666787,0.8670520231213873,0.6994219653179191
