autoencoderLearningRate,autoencoderHiddenLayerSize,learningRate,hiddenLayerSize2,max_iterations,check_increment,iterationsToTrain,networkLoss,hit_rate,null_model
0.1,11,0.1,15,138400,1384,16608,-565.6447734713194,0.8771676300578035,0.6994219653179191
0.1,11,0.1,30,138400,1384,13840,-562.6766201581096,0.8786127167630058,0.6994219653179191
