autoencoderLearningRate,autoencoderHiddenLayerSize,learningRate,hiddenLayerSize2,max_iterations,check_increment,iterationsToTrain,networkLoss,hit_rate,null_model
0.1,11,0.1,15,138400,1384,13840,-558.3639356472024,0.861271676300578,0.6994219653179191
0.1,11,0.1,30,138400,1384,13840,-578.03646778813,0.8815028901734104,0.6994219653179191
