autoencoderLearningRate,autoencoderHiddenLayerSize,learningRate,hiddenLayerSize2,max_iterations,check_increment,iterationsToTrain,networkLoss,hit_rate,null_model
0.001,6,0.0001,6,41400,414,1656,,,1.627341162995001
0.001,6,0.0001,13,41400,414,1656,,,1.627341162995001
0.001,6,0.001,6,41400,414,1656,,,1.627341162995001
0.001,6,0.001,13,41400,414,1656,,,1.627341162995001
