autoencoderLearningRate,autoencoderHiddenLayerSize,learningRate,hiddenLayerSize2,max_iterations,check_increment,iterationsToTrain,networkLoss,hit_rate,null_model
0.001,6,0.0001,6,41200,412,7004,2.1168417278453533,,2.027105088342605
0.001,6,0.0001,13,41200,412,5356,2.0799339040645712,,2.027105088342605
0.001,6,0.001,6,41200,412,2472,2.0355365183322864,,2.027105088342605
0.001,6,0.001,13,41200,412,2060,2.033636070468251,,2.027105088342605
