autoencoderLearningRate,autoencoderHiddenLayerSize,learningRate,hiddenLayerSize2,max_iterations,check_increment,iterationsToTrain,networkLoss,hit_rate,null_model
0.001,6,0.0001,6,41400,414,6624,1.4717749328256544,,1.4708951284263172
0.001,6,0.0001,13,41400,414,5382,1.4887828693965948,,1.4708951284263172
0.001,6,0.001,6,41400,414,2484,1.5608422937019626,,1.4708951284263172
0.001,6,0.001,13,41400,414,2070,1.562291779610932,,1.4708951284263172
