autoencoderLearningRate,autoencoderHiddenLayerSize,learningRate,hiddenLayerSize2,max_iterations,check_increment,iterationsToTrain,networkLoss,hit_rate,null_model
0.001,6,0.0001,6,41200,412,7004,2.420263230868071,,2.168964015237441
0.001,6,0.0001,13,41200,412,5768,2.3449394286101373,,2.168964015237441
0.001,6,0.001,6,41200,412,2472,2.27624547632347,,2.168964015237441
0.001,6,0.001,13,41200,412,2060,2.266406877050945,,2.168964015237441
