autoencoderLearningRate,autoencoderHiddenLayerSize,learningRate,hiddenLayerSize2,max_iterations,check_increment,iterationsToTrain,networkLoss,hit_rate,null_model
0.001,6,0.0001,6,41400,414,7038,1.6782521342082517,,1.6578349836047195
0.001,6,0.0001,13,41400,414,5382,1.6638855992537593,,1.6578349836047195
0.001,6,0.001,6,41400,414,2484,1.661869548914755,,1.6578349836047195
0.001,6,0.001,13,41400,414,2070,1.666060293653284,,1.6578349836047195
