autoencoderLearningRate,autoencoderHiddenLayerSize,learningRate,hiddenLayerSize2,max_iterations,check_increment,iterationsToTrain,networkLoss,hit_rate,null_model
0.001,6,0.0001,6,41200,412,1648,,,1.8288758956606626
0.001,6,0.0001,13,41200,412,1648,,,1.8288758956606626
0.001,6,0.001,6,41200,412,1648,,,1.8288758956606626
0.001,6,0.001,13,41200,412,1648,,,1.8288758956606626
