autoencoderLearningRate,autoencoderHiddenLayerSize,learningRate,hiddenLayerSize2,max_iterations,check_increment,iterationsToTrain,networkLoss,hit_rate,null_model
0.001,6,0.0001,6,41200,412,7004,1.9027385181963552,,1.8175476341278363
0.001,6,0.0001,13,41200,412,5768,1.8577472421786592,,1.8175476341278363
0.001,6,0.001,6,41200,412,2884,1.8251772525980954,,1.8175476341278363
0.001,6,0.001,13,41200,412,2060,1.8251077938566025,,1.8175476341278363
