autoencoderLearningRate,autoencoderHiddenLayerSize,learningRate,hiddenLayerSize2,max_iterations,check_increment,iterationsToTrain,networkLoss,hit_rate,null_model
0.001,6,0.0001,6,41400,414,7038,1.8930216454977111,,1.8688111919774
0.001,6,0.0001,13,41400,414,5382,1.8748738887516667,,1.8688111919774
0.001,6,0.001,6,41400,414,2898,1.8738854301914205,,1.8688111919774
0.001,6,0.001,13,41400,414,2070,1.87662168772729,,1.8688111919774
