autoencoderLearningRate,autoencoderHiddenLayerSize,learningRate,hiddenLayerSize2,max_iterations,check_increment,iterationsToTrain,networkLoss,hit_rate,null_model
0.1,8,0.1,8,34800,348,4524,-162.43416189598145,0.9428571428571428,0.6114285714285714
0.1,8,0.1,16,34800,348,4176,-155.29408420387676,0.9142857142857143,0.6114285714285714
0.1,8,0.1,32,34800,348,3828,-161.83952899298245,0.9257142857142857,0.6114285714285714
