autoencoderLearningRate,autoencoderHiddenLayerSize,learningRate,hiddenLayerSize2,max_iterations,check_increment,iterationsToTrain,networkLoss,hit_rate,null_model
0.1,8,0.1,8,34800,348,4176,-164.4740374460549,0.9542857142857143,0.6114285714285714
0.1,8,0.1,16,34800,348,4524,-154.26327638993263,0.92,0.6114285714285714
0.1,8,0.1,32,34800,348,3480,-166.13140894606892,0.9657142857142857,0.6114285714285714
