autoencoderLearningRate,autoencoderHiddenLayerSize,learningRate,hiddenLayerSize2,max_iterations,check_increment,iterationsToTrain,networkLoss,hit_rate,null_model
0.1,8,0.1,8,35000,350,4550,-162.09409665608783,0.9540229885057471,0.6149425287356322
0.1,8,0.1,16,35000,350,5250,-164.84577222808713,0.9655172413793104,0.6149425287356322
0.1,8,0.1,32,35000,350,4200,-155.0332189499073,0.9080459770114943,0.6149425287356322
