autoencoderLearningRate,autoencoderHiddenLayerSize,learningRate,hiddenLayerSize2,max_iterations,check_increment,iterationsToTrain,networkLoss,hit_rate,null_model
0.1,8,0.1,8,34800,348,3480,-163.473340306362,0.96,0.6114285714285714
0.1,8,0.1,16,34800,348,4872,-162.28562692109838,0.9428571428571428,0.6114285714285714
0.1,8,0.1,32,34800,348,3828,-161.87617437071876,0.9428571428571428,0.6114285714285714
