autoencoderLearningRate,autoencoderHiddenLayerSize,learningRate,hiddenLayerSize2,max_iterations,check_increment,iterationsToTrain,networkLoss,hit_rate,null_model
0.1,8,0.1,8,34800,348,2784,-156.029421287711,0.9085714285714286,0.6114285714285714
0.1,8,0.1,16,34800,348,4176,-160.4133669220609,0.9257142857142857,0.6114285714285714
0.1,8,0.1,32,34800,348,3132,-153.94972245990465,0.9085714285714286,0.6114285714285714
