autoencoderLearningRate,autoencoderHiddenLayerSize,learningRate,hiddenLayerSize2,max_iterations,check_increment,iterationsToTrain,networkLoss,hit_rate,null_model
0.1,8,0.1,8,35000,350,3850,-162.15080879038328,0.9540229885057471,0.6149425287356322
0.1,8,0.1,16,35000,350,4900,-161.51149786227785,0.9367816091954023,0.6149425287356322
0.1,8,0.1,32,35000,350,3850,-163.29542211298204,0.9540229885057471,0.6149425287356322
