autoencoderLearningRate,autoencoderHiddenLayerSize,learningRate,hiddenLayerSize2,max_iterations,check_increment,iterationsToTrain,networkLoss,hit_rate,null_model
0.1,8,0.1,8,34800,348,4524,-161.23187777571056,0.9371428571428572,0.6114285714285714
0.1,8,0.1,16,34800,348,4176,-165.47665441508394,0.9542857142857143,0.6114285714285714
0.1,8,0.1,32,34800,348,3480,-143.67148253761027,0.8514285714285714,0.6114285714285714
