autoencoderLearningRate,autoencoderHiddenLayerSize,learningRate,hiddenLayerSize2,max_iterations,check_increment,iterationsToTrain,networkLoss,hit_rate,null_model
0.1,8,0.1,8,35000,350,4550,-161.47212808625233,0.9425287356321839,0.6149425287356322
0.1,8,0.1,16,35000,350,4200,-162.52372410105178,0.9540229885057471,0.6149425287356322
0.1,8,0.1,32,35000,350,3500,-152.5128061060767,0.9080459770114943,0.6149425287356322
