autoencoderLearningRate,autoencoderHiddenLayerSize,learningRate,hiddenLayerSize2,max_iterations,check_increment,iterationsToTrain,networkLoss,hit_rate,null_model
0.1,8,0.1,8,35000,350,4550,-161.72272025938932,0.9425287356321839,0.6149425287356322
0.1,8,0.1,16,35000,350,3850,-160.5685922914738,0.9367816091954023,0.6149425287356322
0.1,8,0.1,32,35000,350,3850,-161.87281169609784,0.9425287356321839,0.6149425287356322
