autoencoderLearningRate,autoencoderHiddenLayerSize,learningRate,hiddenLayerSize2,max_iterations,check_increment,iterationsToTrain,networkLoss,hit_rate,null_model
0.1,8,0.1,8,35000,350,3850,-160.62754695171893,0.9482758620689655,0.6149425287356322
0.1,8,0.1,16,35000,350,4200,-163.75758721446783,0.9597701149425287,0.6149425287356322
0.1,8,0.1,32,35000,350,4200,-159.37523304338944,0.9137931034482759,0.6149425287356322
