learningRate,hiddenLayerSize1,hiddenLayerSize2,max_iterations,check_increment,iterationsToTrain,networkLoss,hit_rate,null_model
0.001,2,,334200,3342,6684,0.9947201885091179,,0.9994015559545211
0.001,4,,334200,3342,6684,0.9983554879862087,,0.9994015559545211
0.001,6,,334200,3342,6684,0.9969461652623316,,0.9994015559545211
0.01,2,,334200,3342,20052,0.49004439551047485,,0.9994015559545211
0.01,4,,334200,3342,20052,0.4739941212601643,,0.9994015559545211
0.01,6,,334200,3342,16710,0.4971596582770034,,0.9994015559545211
