learningRate,hiddenLayerSize1,hiddenLayerSize2,max_iterations,check_increment,iterationsToTrain,networkLoss,hit_rate,null_model
0.001,2,,334200,3342,6684,0.9990766014706619,,0.9994015559545238
0.001,4,,334200,3342,6684,0.9956340952389502,,0.9994015559545238
0.001,6,,334200,3342,66840,0.5078197642526009,,0.9994015559545238
0.01,2,,334200,3342,10026,0.5272331812298081,,0.9994015559545238
0.01,4,,334200,3342,16710,0.47531289819990125,,0.9994015559545238
0.01,6,,334200,3342,16710,0.48322364377798244,,0.9994015559545238
