learningRate,hiddenLayerSize1,hiddenLayerSize2,max_iterations,check_increment,iterationsToTrain,networkLoss,hit_rate,null_model
0.001,2,,334200,3342,6684,0.9981218291484417,,0.9994015559545257
0.001,4,,334200,3342,6684,0.9964939561596854,,0.9994015559545257
0.001,6,,334200,3342,6684,0.9962158448627559,,0.9994015559545257
0.01,2,,334200,3342,23394,0.5010056343690706,,0.9994015559545257
0.01,4,,334200,3342,16710,0.5045856763347589,,0.9994015559545257
0.01,6,,334200,3342,10026,0.4988404608153449,,0.9994015559545257
