learningRate,hiddenLayerSize1,hiddenLayerSize2,max_iterations,check_increment,iterationsToTrain,networkLoss,hit_rate,null_model
0.001,2,,334200,3342,6684,0.9982766612701759,,0.9994015559545231
0.001,4,,334200,3342,6684,0.992873925246313,,0.9994015559545231
0.001,6,,334200,3342,6684,0.9908449871281627,,0.9994015559545231
0.01,2,,334200,3342,13368,0.49044361856119595,,0.9994015559545231
0.01,4,,334200,3342,30078,0.4545925778320575,,0.9994015559545231
0.01,6,,334200,3342,23394,0.49174693643737677,,0.9994015559545231
