learningRate,hiddenLayerSize1,hiddenLayerSize2,max_iterations,check_increment,iterationsToTrain,networkLoss,hit_rate,null_model
0.001,2,,334200,3342,6684,0.9967544898875149,,0.9994015559545275
0.001,4,,334200,3342,6684,0.9924000752738568,,0.9994015559545275
0.001,6,,334200,3342,70182,0.5004050192602734,,0.9994015559545275
0.01,2,,334200,3342,20052,0.47761147904533624,,0.9994015559545275
0.01,4,,334200,3342,13368,0.5158469151542563,,0.9994015559545275
0.01,6,,334200,3342,10026,0.5258108592169145,,0.9994015559545275
