learningRate,hiddenLayerSize1,hiddenLayerSize2,max_iterations,check_increment,iterationsToTrain,networkLoss,hit_rate,null_model
0.001,2,,334200,3342,6684,0.9987020037738029,,0.9994015559545198
0.001,4,,334200,3342,6684,0.9952422495596743,,0.9994015559545198
0.001,6,,334200,3342,6684,0.9931108427169748,,0.9994015559545198
0.01,2,,334200,3342,26736,0.4637340199053122,,0.9994015559545198
0.01,4,,334200,3342,20052,0.47925965208515126,,0.9994015559545198
0.01,6,,334200,3342,13368,0.47304867588341837,,0.9994015559545198
