learningRate,hiddenLayerSize1,hiddenLayerSize2,max_iterations,check_increment,iterationsToTrain,networkLoss,hit_rate,null_model
0.001,2,,334200,3342,6684,0.9984807284067297,,0.9994015559545184
0.001,4,,334200,3342,6684,0.9969918040311834,,0.9994015559545184
0.001,6,,334200,3342,6684,0.9943295106392454,,0.9994015559545184
0.01,2,,334200,3342,20052,0.4670263518655618,,0.9994015559545184
0.01,4,,334200,3342,16710,0.4889335213038778,,0.9994015559545184
0.01,6,,334200,3342,10026,0.5025533361922488,,0.9994015559545184
