learningRate,hiddenLayerSize1,hiddenLayerSize2,max_iterations,check_increment,iterationsToTrain,networkLoss,hit_rate,null_model
0.001,2,,334200,3342,6684,0.9976540249210414,,0.9994015559545057
0.001,4,,334200,3342,6684,0.9897500381782437,,0.9994015559545057
0.001,6,,334200,3342,76866,0.4859566002686744,,0.9994015559545057
0.01,2,,334200,3342,13368,0.4995129847736858,,0.9994015559545057
0.01,4,,334200,3342,23394,0.47022332977729137,,0.9994015559545057
0.01,6,,334200,3342,23394,0.4755665863726801,,0.9994015559545057
