learningRate,hiddenLayerSize1,hiddenLayerSize2,max_iterations,check_increment,iterationsToTrain,networkLoss,hit_rate,null_model
0.001,2,,334200,3342,6684,1.000589470299379,,0.9994015559545258
0.001,4,,334200,3342,6684,0.993598113292768,,0.9994015559545258
0.001,6,,334200,3342,6684,0.9968446974213945,,0.9994015559545258
0.01,2,,334200,3342,23394,0.47596374830278865,,0.9994015559545258
0.01,4,,334200,3342,13368,0.49369287215114827,,0.9994015559545258
0.01,6,,334200,3342,13368,0.49440149678027334,,0.9994015559545258
