learningRate,hiddenLayerSize1,hiddenLayerSize2,max_iterations,check_increment,iterationsToTrain,networkLoss,hit_rate,null_model
0.01,2,,55800,558,4464,-254.09917228172392,0.9608540925266904,0.6548042704626335
0.01,4,,55800,558,4464,-257.1221994326541,0.9608540925266904,0.6548042704626335
0.01,6,,55800,558,4464,-257.4650280721522,0.9608540925266904,0.6548042704626335
0.1,2,,55800,558,1674,-263.7518151946098,0.9644128113879004,0.6548042704626335
0.1,4,,55800,558,1674,-264.4576276939084,0.9572953736654805,0.6548042704626335
0.1,6,,55800,558,1674,-264.7026224244362,0.9572953736654805,0.6548042704626335
