learningRate,hiddenLayerSize1,hiddenLayerSize2,max_iterations,check_increment,iterationsToTrain,networkLoss,hit_rate,null_model
0.01,2,,56200,562,4496,-255.01291100811883,0.974910394265233,0.6559139784946236
0.01,4,,56200,562,4496,-258.19173843406924,0.974910394265233,0.6559139784946236
0.01,6,,56200,562,4496,-258.77949153387135,0.974910394265233,0.6559139784946236
0.1,2,,56200,562,1686,-264.2020596769064,0.9713261648745519,0.6559139784946236
0.1,4,,56200,562,1686,-265.1040556416259,0.9713261648745519,0.6559139784946236
0.1,6,,56200,562,1686,-264.90929132037,0.9713261648745519,0.6559139784946236
