learningRate,hiddenLayerSize1,hiddenLayerSize2,max_iterations,check_increment,iterationsToTrain,networkLoss,hit_rate,null_model
0.01,2,,55800,558,4464,-254.62336704149817,0.9501779359430605,0.6548042704626335
0.01,4,,55800,558,4464,-257.8095460660072,0.9501779359430605,0.6548042704626335
0.01,6,,55800,558,4464,-258.42799423562803,0.9501779359430605,0.6548042704626335
0.1,2,,55800,558,1674,-263.12560273496246,0.9466192170818505,0.6548042704626335
0.1,4,,55800,558,1674,-264.1793869541236,0.9501779359430605,0.6548042704626335
0.1,6,,55800,558,1674,-264.3665531271396,0.9466192170818505,0.6548042704626335
