learningRate,hiddenLayerSize1,hiddenLayerSize2,max_iterations,check_increment,iterationsToTrain,networkLoss,hit_rate,null_model
0.01,2,,56200,562,4496,-253.99915636563344,0.967741935483871,0.6559139784946236
0.01,4,,56200,562,4496,-257.1465343453808,0.967741935483871,0.6559139784946236
0.01,6,,56200,562,4496,-257.66226100977707,0.967741935483871,0.6559139784946236
0.1,2,,56200,562,1686,-263.65504774840394,0.967741935483871,0.6559139784946236
0.1,4,,56200,562,1686,-263.26058247750984,0.96415770609319,0.6559139784946236
0.1,6,,56200,562,1686,-263.921698256268,0.96415770609319,0.6559139784946236
