learningRate,hiddenLayerSize1,hiddenLayerSize2,max_iterations,check_increment,iterationsToTrain,networkLoss,hit_rate,null_model
0.01,2,,55800,558,4464,-255.4097802686209,0.9679715302491103,0.6548042704626335
0.01,4,,55800,558,4464,-258.57067867815437,0.9679715302491103,0.6548042704626335
0.01,6,,55800,558,4464,-259.1305288471681,0.9715302491103203,0.6548042704626335
0.1,2,,55800,558,1674,-265.24904097955016,0.9715302491103203,0.6548042704626335
0.1,4,,55800,558,1674,-265.07946800793223,0.9715302491103203,0.6548042704626335
0.1,6,,55800,558,1674,-266.309448060128,0.9679715302491103,0.6548042704626335
