learningRate,hiddenLayerSize1,hiddenLayerSize2,max_iterations,check_increment,iterationsToTrain,networkLoss,hit_rate,null_model
0.01,2,,56200,562,4496,-254.1867123699948,0.982078853046595,0.6559139784946236
0.01,4,,56200,562,4496,-257.122026968212,0.978494623655914,0.6559139784946236
0.01,6,,56200,562,4496,-257.7706236087371,0.974910394265233,0.6559139784946236
0.1,2,,56200,562,1686,-264.38411416315165,0.9713261648745519,0.6559139784946236
0.1,4,,56200,562,1686,-263.1858534009663,0.982078853046595,0.6559139784946236
0.1,6,,56200,562,1686,-264.6664822274992,0.982078853046595,0.6559139784946236
