learningRate,hiddenLayerSize1,hiddenLayerSize2,max_iterations,check_increment,iterationsToTrain,networkLoss,hit_rate,null_model
0.01,2,,56200,562,4496,-252.84014373155887,0.956989247311828,0.6559139784946236
0.01,4,,56200,562,4496,-255.8476657836479,0.956989247311828,0.6559139784946236
0.01,6,,56200,562,4496,-256.4681830377397,0.956989247311828,0.6559139784946236
0.1,2,,56200,562,1686,-259.5348789625808,0.9498207885304659,0.6559139784946236
0.1,4,,56200,562,1686,-261.0880708234317,0.9498207885304659,0.6559139784946236
0.1,6,,56200,562,1686,-261.4353745884596,0.9498207885304659,0.6559139784946236
