learningRate,hiddenLayerSize1,hiddenLayerSize2,max_iterations,check_increment,iterationsToTrain,networkLoss,hit_rate,null_model
0.01,2,,55800,558,4464,-255.05523026821174,0.9644128113879004,0.6548042704626335
0.01,4,,55800,558,4464,-257.95894132613654,0.9644128113879004,0.6548042704626335
0.01,6,,55800,558,4464,-258.6195537283747,0.9644128113879004,0.6548042704626335
0.1,2,,55800,558,1674,-264.10009234034874,0.9715302491103203,0.6548042704626335
0.1,4,,55800,558,1674,-264.9420804613982,0.9715302491103203,0.6548042704626335
0.1,6,,55800,558,1674,-264.8548920018677,0.9644128113879004,0.6548042704626335
