learningRate,hiddenLayerSize1,hiddenLayerSize2,max_iterations,check_increment,iterationsToTrain,networkLoss,hit_rate,null_model
0.01,2,,55800,558,4464,-257.56564665246475,0.9786476868327402,0.6548042704626335
0.01,4,,55800,558,4464,-260.9926471785334,0.9786476868327402,0.6548042704626335
0.01,6,,55800,558,4464,-261.8748143093296,0.9786476868327402,0.6548042704626335
0.1,2,,55800,558,1674,-265.76855059562274,0.9750889679715302,0.6548042704626335
0.1,4,,55800,558,1674,-268.5470768001614,0.9786476868327402,0.6548042704626335
0.1,6,,55800,558,1674,-268.0888902575333,0.9750889679715302,0.6548042704626335
