learningRate,hiddenLayerSize1,hiddenLayerSize2,max_iterations,check_increment,iterationsToTrain,networkLoss,hit_rate,null_model
0.01,2,,56200,562,4496,-251.34378183422848,0.953405017921147,0.6559139784946236
0.01,4,,56200,562,4496,-254.03499517877168,0.953405017921147,0.6559139784946236
0.01,6,,56200,562,4496,-254.63107763897466,0.953405017921147,0.6559139784946236
0.1,2,,56200,562,1686,-261.35579469704936,0.956989247311828,0.6559139784946236
0.1,4,,56200,562,1686,-261.5703594217127,0.956989247311828,0.6559139784946236
0.1,6,,56200,562,1686,-261.9311501191519,0.953405017921147,0.6559139784946236
