learningRate,hiddenLayerSize1,hiddenLayerSize2,max_iterations,check_increment,iterationsToTrain,networkLoss,hit_rate,null_model
0.01,3,,138400,1384,5536,-408.3933459457721,0.6994219653179191,0.6994219653179191
0.01,7,,138400,1384,2768,-364.74461801029463,0.6994219653179191,0.6994219653179191
0.01,11,,138400,1384,2768,-384.5435739402336,0.6994219653179191,0.6994219653179191
0.1,3,,138400,1384,6920,-557.4192232908439,0.8670520231213873,0.6994219653179191
0.1,7,,138400,1384,9688,-578.340090927714,0.9089595375722543,0.6994219653179191
0.1,11,,138400,1384,11072,-591.7186316695717,0.911849710982659,0.6994219653179191
