learningRate,hiddenLayerSize1,hiddenLayerSize2,max_iterations,check_increment,iterationsToTrain,networkLoss,hit_rate,null_model
0.01,3,,138400,1384,19376,-525.0016890518345,0.8583815028901735,0.6994219653179191
0.01,7,,138400,1384,15224,-498.31038455636826,0.869942196531792,0.6994219653179191
0.01,11,,138400,1384,4152,-387.2923335968516,0.6994219653179191,0.6994219653179191
0.1,3,,138400,1384,8304,-569.2618822792647,0.8713872832369942,0.6994219653179191
0.1,7,,138400,1384,13840,-595.8254053686488,0.9002890173410405,0.6994219653179191
0.1,11,,138400,1384,6920,-565.5531253403213,0.8713872832369942,0.6994219653179191
