learningRate,hiddenLayerSize1,hiddenLayerSize2,max_iterations,check_increment,iterationsToTrain,networkLoss,hit_rate,null_model
0.01,3,,138400,1384,17992,-522.3965802205206,0.8526011560693642,0.6994219653179191
0.01,7,,138400,1384,4152,-392.3848472769693,0.6994219653179191,0.6994219653179191
0.01,11,,138400,1384,2768,-381.4304717491279,0.6994219653179191,0.6994219653179191
0.1,3,,138400,1384,6920,-565.9045561829561,0.8670520231213873,0.6994219653179191
0.1,7,,138400,1384,8304,-574.30040636083,0.8815028901734104,0.6994219653179191
0.1,11,,138400,1384,11072,-590.3929128482378,0.903179190751445,0.6994219653179191
