learningRate,hiddenLayerSize1,hiddenLayerSize2,max_iterations,check_increment,iterationsToTrain,networkLoss,hit_rate,null_model
0.01,3,,138400,1384,2768,-376.00934769297714,0.6994219653179191,0.6994219653179191
0.01,7,,138400,1384,4152,-390.2141256658337,0.6994219653179191,0.6994219653179191
0.01,11,,138400,1384,2768,-383.32522246476344,0.6994219653179191,0.6994219653179191
0.1,3,,138400,1384,8304,-567.0531594450295,0.880057803468208,0.6994219653179191
0.1,7,,138400,1384,6920,-563.2201483650936,0.869942196531792,0.6994219653179191
0.1,11,,138400,1384,11072,-594.0231568871756,0.9147398843930635,0.6994219653179191
