learningRate,hiddenLayerSize1,hiddenLayerSize2,max_iterations,check_increment,iterationsToTrain,networkLoss,hit_rate,null_model
0.01,3,,138400,1384,19376,-524.06017550697,0.8424855491329479,0.6994219653179191
0.01,7,,138400,1384,4152,-379.5199417020585,0.6994219653179191,0.6994219653179191
0.01,11,,138400,1384,2768,-377.18389658752045,0.6994219653179191,0.6994219653179191
0.1,3,,138400,1384,6920,-551.4664917563904,0.8627167630057804,0.6994219653179191
0.1,7,,138400,1384,11072,-577.4110330473414,0.8973988439306358,0.6994219653179191
0.1,11,,138400,1384,8304,-565.0532821364216,0.903179190751445,0.6994219653179191
