learningRate,hiddenLayerSize1,hiddenLayerSize2,max_iterations,check_increment,iterationsToTrain,networkLoss,hit_rate,null_model
0.01,3,,138400,1384,17992,-521.0772874309295,0.8583815028901735,0.6994219653179191
0.01,7,,138400,1384,2768,-386.03121368313424,0.6994219653179191,0.6994219653179191
0.01,11,,138400,1384,2768,-374.25926757678513,0.6994219653179191,0.6994219653179191
0.1,3,,138400,1384,8304,-564.8972956425564,0.880057803468208,0.6994219653179191
0.1,7,,138400,1384,6920,-553.0925880037297,0.9017341040462428,0.6994219653179191
0.1,11,,138400,1384,5536,-545.0815948773002,0.8641618497109826,0.6994219653179191
