learningRate,hiddenLayerSize1,hiddenLayerSize2,max_iterations,check_increment,iterationsToTrain,networkLoss,hit_rate,null_model
0.01,3,,138400,1384,2768,-377.6949549549135,0.6994219653179191,0.6994219653179191
0.01,7,,138400,1384,6920,-407.6670697716333,0.6994219653179191,0.6994219653179191
0.01,11,,138400,1384,4152,-378.1289219172447,0.6994219653179191,0.6994219653179191
0.1,3,,138400,1384,6920,-552.8117621654445,0.8569364161849711,0.6994219653179191
0.1,7,,138400,1384,5536,-551.8355324438867,0.8583815028901735,0.6994219653179191
0.1,11,,138400,1384,8304,-571.1972432631,0.861271676300578,0.6994219653179191
