learningRate,hiddenLayerSize1,hiddenLayerSize2,max_iterations,check_increment,iterationsToTrain,networkLoss,hit_rate,null_model
0.01,3,,138400,1384,4152,-393.4400095079781,0.6994219653179191,0.6994219653179191
0.01,7,,138400,1384,17992,-519.6241797882606,0.846820809248555,0.6994219653179191
0.01,11,,138400,1384,6920,-405.6314574067378,0.6994219653179191,0.6994219653179191
0.1,3,,138400,1384,4152,-535.6436108365999,0.7803468208092486,0.6994219653179191
0.1,7,,138400,1384,6920,-555.1545408236,0.869942196531792,0.6994219653179191
0.1,11,,138400,1384,5536,-550.8743362363384,0.8352601156069365,0.6994219653179191
