learningRate,hiddenLayerSize1,hiddenLayerSize2,max_iterations,check_increment,iterationsToTrain,networkLoss,hit_rate,null_model
0.01,3,,138400,1384,17992,-516.782619918438,0.8526011560693642,0.6994219653179191
0.01,7,,138400,1384,2768,-377.8519721019839,0.6994219653179191,0.6994219653179191
0.01,11,,138400,1384,2768,-373.5798260267995,0.6994219653179191,0.6994219653179191
0.1,3,,138400,1384,8304,-558.1240926419883,0.8713872832369942,0.6994219653179191
0.1,7,,138400,1384,11072,-566.8455438271062,0.8641618497109826,0.6994219653179191
0.1,11,,138400,1384,5536,-545.5195224750479,0.865606936416185,0.6994219653179191
