learningRate,hiddenLayerSize1,hiddenLayerSize2,max_iterations,check_increment,iterationsToTrain,networkLoss,hit_rate,null_model
0.01,3,,138400,1384,2768,-369.03735034457907,0.6994219653179191,0.6994219653179191
0.01,7,,138400,1384,6920,-421.6029313942877,0.6994219653179191,0.6994219653179191
0.01,11,,138400,1384,2768,-375.0511792901064,0.6994219653179191,0.6994219653179191
0.1,3,,138400,1384,6920,-563.7149774159743,0.8684971098265896,0.6994219653179191
0.1,7,,138400,1384,6920,-560.7334271673207,0.846820809248555,0.6994219653179191
0.1,11,,138400,1384,11072,-582.9736593634478,0.9017341040462428,0.6994219653179191
