learningRate,hiddenLayerSize1,hiddenLayerSize2,max_iterations,check_increment,iterationsToTrain,networkLoss,hit_rate,null_model
0.0001,6,,41400,414,6210,,,1.8778124960436842
0.0001,13,,41400,414,4968,,,1.8778124960436842
0.0001,20,,41400,414,4140,,,1.8778124960436842
0.001,6,,41400,414,1656,,,1.8778124960436842
0.001,13,,41400,414,1656,,,1.8778124960436842
0.001,20,,41400,414,1656,,,1.8778124960436842
