learningRate,hiddenLayerSize1,hiddenLayerSize2,max_iterations,check_increment,iterationsToTrain,networkLoss,hit_rate,null_model
0.0001,6,,41200,412,6180,1.9373104184608319,,1.8996375992718366
0.0001,13,,41200,412,4532,1.9145873650519316,,1.8996375992718366
0.0001,20,,41200,412,4120,1.90312851977912,,1.8996375992718366
0.001,6,,41200,412,1648,1.8998718934036305,,1.8996375992718366
0.001,13,,41200,412,1236,1.8999341700790484,,1.8996375992718366
0.001,20,,41200,412,1236,1.9011537966466872,,1.8996375992718366
