learningRate,hiddenLayerSize1,hiddenLayerSize2,max_iterations,check_increment,iterationsToTrain,networkLoss,hit_rate,null_model
0.0001,6,,41200,412,6180,1.9521621254613624,,1.8755352062664414
0.0001,13,,41200,412,4532,1.9174328407100671,,1.8755352062664414
0.0001,20,,41200,412,3708,1.9037986952157318,,1.8755352062664414
0.001,6,,41200,412,1648,1.8796032819469366,,1.8755352062664414
0.001,13,,41200,412,1648,1.8783936454470693,,1.8755352062664414
0.001,20,,41200,412,1236,1.8780400272175732,,1.8755352062664414
