learningRate,hiddenLayerSize1,hiddenLayerSize2,max_iterations,check_increment,iterationsToTrain,networkLoss,hit_rate,null_model
0.0001,6,,41400,414,6210,1.8506628902520295,,1.788725879569362
0.0001,13,,41400,414,4554,1.8231913200530838,,1.788725879569362
0.0001,20,,41400,414,3726,1.8095024247607674,,1.788725879569362
0.001,6,,41400,414,1656,1.7902325755003656,,1.788725879569362
0.001,13,,41400,414,1242,1.789803414618594,,1.788725879569362
0.001,20,,41400,414,1242,1.7924992684818657,,1.788725879569362
