learningRate,hiddenLayerSize1,hiddenLayerSize2,max_iterations,check_increment,iterationsToTrain,networkLoss,hit_rate,null_model
0.0001,6,,41200,412,6180,2.1891185754940414,,2.082378441978088
0.0001,13,,41200,412,4944,2.1386934416584866,,2.082378441978088
0.0001,20,,41200,412,4120,2.1221322896980364,,2.082378441978088
0.001,6,,41200,412,2060,2.0936377960560257,,2.082378441978088
0.001,13,,41200,412,1236,2.095107510913263,,2.082378441978088
0.001,20,,41200,412,1236,2.0957319877537204,,2.082378441978088
