learningRate,hiddenLayerSize1,hiddenLayerSize2,max_iterations,check_increment,iterationsToTrain,networkLoss,hit_rate,null_model
0.0001,6,,41400,414,6210,1.8418847526583548,,1.812044963626338
0.0001,13,,41400,414,4554,1.8220467817713084,,1.812044963626338
0.0001,20,,41400,414,3726,1.8148716520506556,,1.812044963626338
0.001,6,,41400,414,1656,1.811549274554549,,1.812044963626338
0.001,13,,41400,414,1242,1.8145599203913947,,1.812044963626338
0.001,20,,41400,414,1242,1.8156711259119094,,1.812044963626338
