learningRate,hiddenLayerSize1,hiddenLayerSize2,max_iterations,check_increment,iterationsToTrain,networkLoss,hit_rate,null_model
0.0001,6,,41200,412,6180,1.6808273730824572,,1.6568992807570486
0.0001,13,,41200,412,4532,1.6636814602497239,,1.6568992807570486
0.0001,20,,41200,412,3708,1.6582538196785999,,1.6568992807570486
0.001,6,,41200,412,1648,1.6593146011507913,,1.6568992807570486
0.001,13,,41200,412,1236,1.659325006117319,,1.6568992807570486
0.001,20,,41200,412,1236,1.672368850270609,,1.6568992807570486
