learningRate,hiddenLayerSize1,hiddenLayerSize2,max_iterations,check_increment,iterationsToTrain,networkLoss,hit_rate,null_model
0.0001,6,,41400,414,6210,2.1141943026557604,,2.0304459590847648
0.0001,13,,41400,414,4968,2.070440315612065,,2.0304459590847648
0.0001,20,,41400,414,4140,2.056821555312038,,2.0304459590847648
0.001,6,,41400,414,1656,2.038103236221596,,2.0304459590847648
0.001,13,,41400,414,1242,2.032859820944023,,2.0304459590847648
0.001,20,,41400,414,1242,2.0380978098930504,,2.0304459590847648
