learningRate,hiddenLayerSize1,hiddenLayerSize2,max_iterations,check_increment,iterationsToTrain,networkLoss,hit_rate,null_model
0.0001,6,,41200,412,824,,,1.8094897259056346
0.0001,13,,41200,412,824,,,1.8094897259056346
0.0001,20,,41200,412,824,,,1.8094897259056346
0.001,6,,41200,412,824,,,1.8094897259056346
0.001,13,,41200,412,824,,,1.8094897259056346
0.001,20,,41200,412,824,,,1.8094897259056346
