learningRate,hiddenLayerSize1,hiddenLayerSize2,max_iterations,check_increment,iterationsToTrain,networkLoss,hit_rate,null_model
0.01,8,,34800,348,696,-93.77097855992447,0.6114285714285714,0.6114285714285714
0.01,16,,34800,348,696,-92.88164839758596,0.6114285714285714,0.6114285714285714
0.01,24,,34800,348,4524,-155.77939966328066,0.9142857142857143,0.6114285714285714
0.1,8,,34800,348,1740,-164.3058808243525,0.9657142857142857,0.6114285714285714
0.1,16,,34800,348,1392,-164.12537772564323,0.9542857142857143,0.6114285714285714
0.1,24,,34800,348,1392,-165.0169120836587,0.9657142857142857,0.6114285714285714
