learningRate,hiddenLayerSize1,hiddenLayerSize2,max_iterations,check_increment,iterationsToTrain,networkLoss,hit_rate,null_model
0.01,8,,35000,350,700,-91.84106710930575,0.6149425287356322,0.6149425287356322
0.01,16,,35000,350,700,-91.95356248289109,0.6149425287356322,0.6149425287356322
0.01,24,,35000,350,700,-93.28563005699986,0.6149425287356322,0.6149425287356322
0.1,8,,35000,350,1750,-159.73335645117646,0.9252873563218391,0.6149425287356322
0.1,16,,35000,350,1400,-161.78139011788429,0.9367816091954023,0.6149425287356322
0.1,24,,35000,350,1400,-162.97038486784746,0.9482758620689655,0.6149425287356322
