learningRate,hiddenLayerSize1,hiddenLayerSize2,max_iterations,check_increment,iterationsToTrain,networkLoss,hit_rate,null_model
0.01,8,,35000,350,700,-93.40564517555124,0.6149425287356322,0.6149425287356322
0.01,16,,35000,350,1050,-94.35878723147252,0.6149425287356322,0.6149425287356322
0.01,24,,35000,350,1050,-93.05988319397116,0.6149425287356322,0.6149425287356322
0.1,8,,35000,350,1750,-163.7344863450647,0.9597701149425287,0.6149425287356322
0.1,16,,35000,350,1750,-163.81110222214227,0.9597701149425287,0.6149425287356322
0.1,24,,35000,350,1400,-162.8895856266055,0.9597701149425287,0.6149425287356322
