learningRate,hiddenLayerSize1,hiddenLayerSize2,max_iterations,check_increment,iterationsToTrain,networkLoss,hit_rate,null_model
0.01,8,,34800,348,4872,-151.87968807566656,0.9542857142857143,0.6114285714285714
0.01,16,,34800,348,4176,-154.72557522994484,0.9542857142857143,0.6114285714285714
0.01,24,,34800,348,696,-91.631324288296,0.6114285714285714,0.6114285714285714
0.1,8,,34800,348,2088,-166.89750704072168,0.9657142857142857,0.6114285714285714
0.1,16,,34800,348,1392,-165.86338919788392,0.9542857142857143,0.6114285714285714
0.1,24,,34800,348,1392,-166.702473048445,0.9657142857142857,0.6114285714285714
