learningRate,hiddenLayerSize1,hiddenLayerSize2,max_iterations,check_increment,iterationsToTrain,networkLoss,hit_rate,null_model
0.01,8,,35000,350,700,-91.45093873931239,0.6149425287356322,0.6149425287356322
0.01,16,,35000,350,1050,-92.55583072894366,0.6149425287356322,0.6149425287356322
0.01,24,,35000,350,700,-94.24669047797319,0.6149425287356322,0.6149425287356322
0.1,8,,35000,350,1750,-162.42019154512937,0.9482758620689655,0.6149425287356322
0.1,16,,35000,350,1400,-160.49548846821503,0.9482758620689655,0.6149425287356322
0.1,24,,35000,350,1400,-162.04244442291395,0.9367816091954023,0.6149425287356322
