learningRate,hiddenLayerSize1,hiddenLayerSize2,max_iterations,check_increment,iterationsToTrain,networkLoss,hit_rate,null_model
0.01,8,,34800,348,696,-94.51471469405543,0.6114285714285714,0.6114285714285714
0.01,16,,34800,348,696,-89.43659780155491,0.6114285714285714,0.6114285714285714
0.01,24,,34800,348,696,-91.98337366940794,0.6114285714285714,0.6114285714285714
0.1,8,,34800,348,1740,-168.28035815817225,0.9771428571428571,0.6114285714285714
0.1,16,,34800,348,1740,-164.84977037561276,0.9828571428571429,0.6114285714285714
0.1,24,,34800,348,1740,-166.66218440391881,0.9828571428571429,0.6114285714285714
