learningRate,hiddenLayerSize1,hiddenLayerSize2,max_iterations,check_increment,iterationsToTrain,networkLoss,hit_rate,null_model
0.01,8,,35000,350,700,-93.16243685794174,0.6149425287356322,0.6149425287356322
0.01,16,,35000,350,4550,-151.00393582235884,0.9080459770114943,0.6149425287356322
0.01,24,,35000,350,4200,-151.71912680261894,0.9022988505747126,0.6149425287356322
0.1,8,,35000,350,1750,-162.41604829578597,0.9540229885057471,0.6149425287356322
0.1,16,,35000,350,1400,-161.35684074999244,0.9482758620689655,0.6149425287356322
0.1,24,,35000,350,1400,-159.6303994068598,0.9425287356321839,0.6149425287356322
