learningRate,hiddenLayerSize1,hiddenLayerSize2,max_iterations,check_increment,iterationsToTrain,networkLoss,hit_rate,null_model
0.01,8,,34800,348,4872,-152.11467377326687,0.9428571428571428,0.6114285714285714
0.01,16,,34800,348,696,-92.9532425195001,0.6114285714285714,0.6114285714285714
0.01,24,,34800,348,3828,-152.9039362413122,0.9428571428571428,0.6114285714285714
0.1,8,,34800,348,1740,-164.59719008650035,0.9542857142857143,0.6114285714285714
0.1,16,,34800,348,1740,-161.41533983697792,0.9371428571428572,0.6114285714285714
0.1,24,,34800,348,1392,-164.12723793148064,0.9485714285714286,0.6114285714285714
