learningRate,hiddenLayerSize1,hiddenLayerSize2,max_iterations,check_increment,iterationsToTrain,networkLoss,hit_rate,null_model
0.01,8,,35000,350,4550,-146.25960058934734,0.9195402298850575,0.6149425287356322
0.01,16,,35000,350,700,-92.2122350212369,0.6149425287356322,0.6149425287356322
0.01,24,,35000,350,700,-94.06164754507279,0.6149425287356322,0.6149425287356322
0.1,8,,35000,350,2100,-159.1619336620509,0.9195402298850575,0.6149425287356322
0.1,16,,35000,350,1400,-153.28777015201527,0.9252873563218391,0.6149425287356322
0.1,24,,35000,350,1400,-160.2685835505056,0.9425287356321839,0.6149425287356322
