learningRate,hiddenLayerSize1,hiddenLayerSize2,max_iterations,check_increment,iterationsToTrain,networkLoss,hit_rate,null_model
0.01,8,,34800,348,4872,-152.23974889072815,0.9257142857142857,0.6114285714285714
0.01,16,,34800,348,696,-90.41524459570029,0.6114285714285714,0.6114285714285714
0.01,24,,34800,348,696,-92.43598144820717,0.6114285714285714,0.6114285714285714
0.1,8,,34800,348,1740,-164.57758064184412,0.9542857142857143,0.6114285714285714
0.1,16,,34800,348,1392,-161.92869850227274,0.9542857142857143,0.6114285714285714
0.1,24,,34800,348,1392,-164.85811498462888,0.9657142857142857,0.6114285714285714
