learningRate,hiddenLayerSize1,hiddenLayerSize2,max_iterations,check_increment,iterationsToTrain,networkLoss,hit_rate,null_model
0.001,1,,16800,168,1848,7857.816173436588,,14192.518707482992
0.001,3,,16800,168,1512,4412.369899242912,,14192.518707482992
0.001,4,,16800,168,1176,4261.6161415650695,,14192.518707482992
0.01,1,,16800,168,504,7195.64559618575,,14192.518707482992
0.01,3,,16800,168,336,7312.447868708026,,14192.518707482992
0.01,4,,16800,168,504,5414.756210192614,,14192.518707482992
