learningRate,hiddenLayerSize1,hiddenLayerSize2,max_iterations,check_increment,iterationsToTrain,networkLoss,hit_rate,null_model
0.001,1,,16800,168,1344,5591.251119089774,,9608.52721088435
0.001,3,,16800,168,1008,4481.538592011765,,9608.52721088435
0.001,4,,16800,168,840,3613.157724341083,,9608.52721088435
0.01,1,,16800,168,336,6248.844675646989,,9608.52721088435
0.01,3,,16800,168,336,8823.588824940125,,9608.52721088435
0.01,4,,16800,168,336,11882.190279410699,,9608.52721088435
