learningRate,hiddenLayerSize1,hiddenLayerSize2,max_iterations,check_increment,iterationsToTrain,networkLoss,hit_rate,null_model
0.001,1,,16800,168,3528,38696.86962326536,,46911.72604875284
0.001,3,,16800,168,3696,31151.84784515944,,46911.72604875284
0.001,4,,16800,168,1848,34122.55648479497,,46911.72604875284
0.01,1,,16800,168,1512,44286.98969102738,,46911.72604875284
0.01,3,,16800,168,672,36796.21162625682,,46911.72604875284
0.01,4,,16800,168,504,34275.134665971585,,46911.72604875284
