learningRate,hiddenLayerSize1,hiddenLayerSize2,max_iterations,check_increment,iterationsToTrain,networkLoss,hit_rate,null_model
0.001,1,,16800,168,3696,35684.55541773329,,45830.68140589567
0.001,3,,16800,168,2688,31628.617572970634,,45830.68140589567
0.001,4,,16800,168,2184,29931.76914217507,,45830.68140589567
0.01,1,,16800,168,672,35132.76243867617,,45830.68140589567
0.01,3,,16800,168,504,35213.29917372349,,45830.68140589567
0.01,4,,16800,168,336,31512.352600182872,,45830.68140589567
