learningRate,hiddenLayerSize1,hiddenLayerSize2,max_iterations,check_increment,iterationsToTrain,networkLoss,hit_rate,null_model
0.001,1,,16800,168,1848,24656.657189261052,,32060.562925170078
0.001,3,,16800,168,1680,18610.164538360266,,32060.562925170078
0.001,4,,16800,168,1008,20782.395265645995,,32060.562925170078
0.01,1,,16800,168,504,20827.217338294293,,32060.562925170078
0.01,3,,16800,168,336,17347.437345973634,,32060.562925170078
0.01,4,,16800,168,336,21260.60124999985,,32060.562925170078
