learningRate,hiddenLayerSize1,hiddenLayerSize2,max_iterations,check_increment,iterationsToTrain,networkLoss,hit_rate,null_model
0.001,1,,16800,168,2016,6482.692195429716,,10936.629676870749
0.001,3,,16800,168,1176,4481.5325110255735,,10936.629676870749
0.001,4,,16800,168,1008,4754.565526717394,,10936.629676870749
0.01,1,,16800,168,504,8790.283188230194,,10936.629676870749
0.01,3,,16800,168,336,7885.607554357054,,10936.629676870749
0.01,4,,16800,168,504,11106.122548706164,,10936.629676870749
