learningRate,hiddenLayerSize1,hiddenLayerSize2,max_iterations,check_increment,iterationsToTrain,networkLoss,hit_rate,null_model
0.001,1,,16800,168,2520,34135.06232326113,,43481.294075963706
0.001,3,,16800,168,1680,29637.7642368332,,43481.294075963706
0.001,4,,16800,168,1344,29617.788603157864,,43481.294075963706
0.01,1,,16800,168,336,35695.27598884337,,43481.294075963706
0.01,3,,16800,168,336,31008.909455955407,,43481.294075963706
0.01,4,,16800,168,672,30937.154844339257,,43481.294075963706
