learningRate,hiddenLayerSize1,hiddenLayerSize2,max_iterations,check_increment,iterationsToTrain,networkLoss,hit_rate,null_model
0.001,1,,16800,168,1848,31322.55166730817,,39236.71130952381
0.001,3,,16800,168,1176,27878.53287557208,,39236.71130952381
0.001,4,,16800,168,1008,27437.15088945259,,39236.71130952381
0.01,1,,16800,168,504,34874.75221084818,,39236.71130952381
0.01,3,,16800,168,672,21059.358822520295,,39236.71130952381
0.01,4,,16800,168,336,20789.49519059893,,39236.71130952381
