learningRate,hiddenLayerSize1,hiddenLayerSize2,max_iterations,check_increment,iterationsToTrain,networkLoss,hit_rate,null_model
0.001,1,,16800,168,1848,12236.522174668828,,18494.247732426305
0.001,3,,16800,168,1008,10293.142281381124,,18494.247732426305
0.001,4,,16800,168,1176,9139.867083575531,,18494.247732426305
0.01,1,,16800,168,672,10205.231661205187,,18494.247732426305
0.01,3,,16800,168,672,13493.093407920393,,18494.247732426305
0.01,4,,16800,168,336,9751.414402998136,,18494.247732426305
