learningRate,hiddenLayerSize1,hiddenLayerSize2,max_iterations,check_increment,iterationsToTrain,networkLoss,hit_rate,null_model
0.001,1,,16800,168,1680,18337.970060901698,,25587.67502834467
0.001,3,,16800,168,1176,15503.022408096129,,25587.67502834467
0.001,4,,16800,168,1344,12931.514496935994,,25587.67502834467
0.01,1,,16800,168,336,17529.79772958826,,25587.67502834467
0.01,3,,16800,168,336,18788.552081984333,,25587.67502834467
0.01,4,,16800,168,336,16668.231522387454,,25587.67502834467
